,mutation_full,dddG,closed_complex_ddG,open_complex_ddG
434,G22P:A,-157.52,0.34,157.86
2353,T118F:B,-27.12,0.68,27.8
3074,E169P:B,-19.51,-0.7,18.82
1310,A56L:B,-17.19,0.63,17.83
1305,A56E:B,-14.51,0.43,14.94
2416,G121T:B,-14.04,0.98,15.02
3094,K170P:B,-13.0,-1.15,11.85
428,G22H:A,-11.87,0.72,12.59
1309,A56I:B,-11.27,0.92,12.19
1306,A56Q:B,-10.73,-0.23,10.5
1857,E91W:B,-10.2,0.15,10.35
436,G22T:A,-10.19,0.45,10.64
1301,A56R:B,-9.52,-1.09,8.43
2858,V155Y:B,-9.19,-0.62,8.57
2846,V155Q:B,-8.92,-0.06,8.86
2853,V155F:B,-8.6,-0.24,8.36
1858,E91Y:B,-8.38,0.68,9.06
2458,I123Y:B,-8.34,-0.25,8.09
1312,A56M:B,-7.83,0.58,8.41
1311,A56K:B,-7.82,0.42,8.24
2457,I123W:B,-7.57,0.88,8.45
2527,S127G:B,-7.07,0.29,7.36
2453,I123F:B,-6.78,0.03,6.81
1405,K61E:B,-6.3,-1.66,4.64
2520,S127A:B,-5.91,-2.82,3.09
1850,E91L:B,-5.8,0.96,6.75
2678,K142Y:B,-5.69,0.99,6.69
2870,T156L:B,-5.6,0.43,6.03
1657,G80W:B,-5.57,0.15,5.72
3109,S171I:B,-5.57,-2.28,3.29
1851,E91K:B,-5.36,0.29,5.65
2530,S127L:B,-5.36,-0.41,4.94
959,K26V:B,-5.28,0.58,5.86
2841,V155R:B,-5.18,0.97,6.15
435,G22S:A,-5.12,-0.63,4.49
949,K26I:B,-5.1,0.78,5.88
1469,R64I:B,-4.87,0.57,5.44
2523,S127D:B,-4.84,-0.9,3.94
2425,T122E:B,-4.83,0.6,5.42
1403,K61D:B,-4.79,-1.31,3.48
2374,N119P:B,-4.76,-0.67,4.08
490,P25L:A,-4.67,0.17,4.84
1406,K61Q:B,-4.57,-2.48,2.09
407,S21G:A,-4.57,0.58,5.15
1316,A56T:B,-4.55,-0.04,4.51
637,S32W:A,-4.41,0.15,4.56
386,I20Q:A,-4.18,-0.11,4.07
1854,E91P:B,-4.12,-2.82,1.3
1498,I65Y:B,-4.12,0.82,4.93
638,S32Y:A,-4.11,-4.08,0.02
2630,I140L:B,-4.09,-0.16,3.93
2526,S127Q:B,-4.07,-1.13,2.94
1302,A56N:B,-4.0,0.98,4.98
3125,I172E:B,-3.92,0.31,4.23
488,P25H:A,-3.9,0.63,4.53
3116,S171T:B,-3.88,-1.58,2.3
693,S38F:A,-3.88,-0.44,3.44
321,Q17R:A,-3.85,-1.23,2.62
2323,K117D:B,-3.81,-0.74,3.07
1400,K61A:B,-3.79,0.52,4.31
3128,I172H:B,-3.78,0.55,4.33
3119,S171V:B,-3.65,-0.68,2.97
2429,T122I:B,-3.59,-1.17,2.43
97,E5W:A,-3.56,-0.7,2.85
2322,K117N:B,-3.54,-1.03,2.51
230,V12L:A,-3.52,0.31,3.83
1558,S68Y:B,-3.47,-2.05,1.41
2328,K117H:B,-3.31,-1.79,1.51
422,G22N:A,-3.3,0.85,4.15
628,S32H:A,-3.28,-1.07,2.21
1553,S68F:B,-3.21,-1.08,2.13
1797,E88W:B,-3.2,0.89,4.09
2439,T122V:B,-3.19,-1.25,1.94
1415,K61S:B,-3.1,0.79,3.89
1407,K61G:B,-3.09,0.13,3.22
2522,S127N:B,-3.05,-1.61,1.44
1650,G80L:B,-3.03,-1.54,1.49
2532,S127M:B,-3.01,-0.8,2.2
1402,K61N:B,-3.0,-1.89,1.11
1493,I65F:B,-2.96,0.13,3.09
2423,T122D:B,-2.95,0.92,3.87
622,S32N:A,-2.93,-2.23,0.7
1408,K61H:B,-2.91,0.73,3.64
1886,E93Q:B,-2.9,-0.99,1.91
1595,A70S:B,-2.84,0.08,2.92
557,S28W:A,-2.84,0.02,2.85
633,S32F:A,-2.82,-2.06,0.76
698,S38Y:A,-2.8,-0.29,2.51
941,K26R:B,-2.78,0.02,2.79
1648,G80H:B,-2.74,-1.75,0.99
1159,Y41V:B,-2.67,0.05,2.72
1470,R64L:B,-2.67,0.72,3.39
3103,S171D:B,-2.66,-3.33,-0.66
2639,I140V:B,-2.64,-1.88,0.76
2521,S127R:B,-2.64,0.24,2.88
556,S28T:A,-2.61,-0.54,2.07
2349,T118I:B,-2.58,0.87,3.46
2524,S127C:B,-2.51,-0.12,2.39
229,V12I:A,-2.49,0.49,2.98
738,K40Y:A,-2.48,0.55,3.02
1540,S68A:B,-2.48,-1.72,0.75
1398,H60Y:B,-2.47,-2.8,-0.33
2088,N105H:B,-2.47,-1.34,1.13
590,T30L:A,-2.42,-1.27,1.15
416,S21T:A,-2.41,-1.92,0.49
93,E5F:A,-2.38,-1.17,1.21
1641,G80R:B,-2.37,-0.02,2.34
454,S23P:A,-2.35,-2.29,0.06
1018,G29Y:B,-2.35,-4.28,-1.94
1393,H60F:B,-2.32,-2.73,-0.41
1235,T45S:B,-2.32,0.58,2.9
3069,E169I:B,-2.3,0.78,3.08
3113,S171F:B,-2.29,-0.27,2.02
1645,G80E:B,-2.24,-1.61,0.63
1890,E93L:B,-2.24,0.73,2.97
1548,S68H:B,-2.19,-0.7,1.5
999,K28V:B,-2.19,0.12,2.32
620,S32A:A,-2.17,-0.28,1.88
559,S28V:A,-2.16,-1.09,1.08
1315,A56S:B,-2.15,0.05,2.2
2329,K117I:B,-2.15,-1.67,0.47
1094,Y33P:B,-2.12,-1.49,0.63
1545,S68E:B,-2.1,0.02,2.12
2396,A120T:B,-2.09,-2.94,-0.84
688,S38H:A,-2.08,-0.27,1.81
553,S28F:A,-2.04,-0.21,1.83
1903,E94D:B,-2.04,0.92,2.95
961,Q27R:B,-2.01,0.37,2.38
589,T30I:A,-2.01,-1.77,0.24
1010,G29L:B,-2.0,-2.14,-0.15
2525,S127E:B,-1.97,-0.39,1.58
2359,T118V:B,-1.94,0.98,2.92
732,K40M:A,-1.91,0.9,2.81
1330,V57L:B,-1.91,0.91,2.82
2856,V155T:B,-1.9,0.13,2.03
1011,G29K:B,-1.89,-1.88,0.01
2395,A120S:B,-1.88,-2.5,-0.62
1843,E91D:B,-1.85,0.91,2.76
826,E19Q:B,-1.85,-1.03,0.82
1675,G81S:B,-1.84,0.52,2.36
581,T30R:A,-1.84,-1.19,0.65
492,P25M:A,-1.83,0.91,2.74
720,K40A:A,-1.83,-0.95,0.88
3106,S171Q:B,-1.83,-1.67,0.16
3134,I172P:B,-1.82,-2.74,-0.93
982,K28N:B,-1.81,0.72,2.53
558,S28Y:A,-1.78,-0.27,1.52
1544,S68C:B,-1.77,0.45,2.22
3126,I172Q:B,-1.75,-0.03,1.72
411,S21K:A,-1.73,-1.96,-0.23
2339,K117V:B,-1.71,-1.19,0.51
1471,R64K:B,-1.69,0.44,2.13
1323,V57D:B,-1.67,-0.96,0.71
1019,G29V:B,-1.67,-1.22,0.45
315,D16S:A,-1.67,-0.3,1.37
1224,T45C:B,-1.64,-0.79,0.85
2321,K117R:B,-1.63,0.64,2.27
2391,A120K:B,-1.59,-1.19,0.4
971,Q27K:B,-1.57,0.28,1.85
721,K40R:A,-1.57,-0.31,1.26
1783,E88D:B,-1.55,0.99,2.54
2200,T111A:B,-1.54,0.54,2.08
632,S32M:A,-1.54,0.9,2.43
838,E19Y:B,-1.54,0.28,1.82
696,S38T:A,-1.51,0.25,1.76
2456,I123T:B,-1.51,0.77,2.28
2239,K112V:B,-1.49,0.77,2.27
829,E19I:B,-1.49,-0.07,1.42
836,E19T:B,-1.48,0.02,1.5
626,S32Q:A,-1.48,-0.5,0.98
1009,G29I:B,-1.48,-1.62,-0.14
951,K26K:B,-1.47,-0.45,1.02
1559,S68V:B,-1.45,-1.29,0.16
2330,K117L:B,-1.45,-1.08,0.37
1008,G29H:B,-1.44,-2.15,-0.71
839,E19V:B,-1.44,-0.76,0.69
99,E5V:A,-1.44,-0.34,1.1
1006,G29Q:B,-1.42,-0.7,0.71
3129,I172I:B,-1.39,0.17,1.56
1220,T45A:B,-1.38,-0.43,0.95
676,S36T:A,-1.37,0.84,2.21
1474,R64P:B,-1.36,0.07,1.43
549,S28I:A,-1.35,-0.84,0.51
1268,H47H:B,-1.35,-1.02,0.33
1338,V57Y:B,-1.33,0.89,2.23
394,I20P:A,-1.32,-0.51,0.82
2083,N105D:B,-1.3,-1.09,0.21
1786,E88Q:B,-1.3,0.67,1.97
1016,G29T:B,-1.3,-4.23,-2.93
98,E5Y:A,-1.29,-1.35,-0.06
1091,Y33K:B,-1.29,0.89,2.18
1549,S68I:B,-1.28,0.78,2.06
599,T30V:A,-1.28,-1.23,0.05
2387,A120G:B,-1.26,0.11,1.37
1173,K42F:B,-1.26,-0.0,1.26
2450,I123L:B,-1.26,0.84,2.09
1642,G80N:B,-1.26,-2.32,-1.07
1001,G29R:B,-1.24,-2.14,-0.9
783,E17D:B,-1.23,0.84,2.07
1490,I65L:B,-1.23,-0.63,0.6
953,K26F:B,-1.22,0.72,1.95
1643,G80D:B,-1.21,-2.14,-0.93
3108,S171H:B,-1.21,-0.29,0.92
3063,E169D:B,-1.2,-0.21,0.99
1826,K90Q:B,-1.19,0.21,1.39
1111,S34K:B,-1.18,-0.98,0.2
2236,K112T:B,-1.16,-0.49,0.66
445,S23E:A,-1.15,-1.1,0.05
2325,K117E:B,-1.14,-0.11,1.03
2671,K142K:B,-1.13,0.03,1.17
854,D20P:B,-1.11,-0.31,0.79
408,S21H:A,-1.1,-0.83,0.27
1178,K42Y:B,-1.08,-0.43,0.65
2232,K112M:B,-1.08,0.22,1.3
1013,G29F:B,-1.07,-2.94,-1.87
1182,E43N:B,-1.04,-0.7,0.34
1320,V57A:B,-1.02,0.83,1.85
2358,T118Y:B,-1.02,0.59,1.61
1743,E86D:B,-1.02,-0.53,0.49
821,E19R:B,-1.01,0.92,1.94
1640,G80A:B,-1.01,0.71,1.72
2383,A120D:B,-1.01,-3.52,-2.51
